num_comments,frequency
0,9327
1,30798
2,13238
3,4744
4,3099
5,2376
6,2070
7,1935
8,1695
9,1578
10,1510
11,1473
12,1321
13,1353
14,1215
15,1174
16,1068
17,1027
18,1030
19,1016
20,918
21,952
22,941
23,829
24,857
25,798
26,809
27,734
28,747
29,698
30,695
31,679
32,655
33,623
34,624
35,602
36,534
37,546
38,532
39,500
40,490
41,469
42,492
43,433
44,465
45,424
46,418
47,416
48,372
49,336
50,386
51,350
52,355
53,359
54,305
55,326
56,316
57,330
58,277
59,313
60,281
61,318
62,254
63,255
64,247
65,275
66,228
67,257
68,248
69,222
70,249
71,234
72,208
73,219
74,210
75,195
76,211
77,200
78,198
79,197
80,202
81,198
82,154
83,167
84,184
85,161
86,164
87,153
88,150
89,158
90,140
91,133
92,152
93,168
94,153
95,167
96,133
97,136
98,127
99,110
100,113
101,121
102,117
103,104
104,107
105,127
106,122
107,119
108,111
109,96
110,111
111,103
112,100
113,97
114,90
115,105
116,100
117,101
118,94
119,99
120,84
121,95
122,94
123,76
124,87
125,86
126,83
127,81
128,80
129,97
130,87
131,76
132,62
133,75
134,73
135,85
136,82
137,82
138,70
139,76
140,67
141,88
142,85
143,61
144,42
145,64
146,71
147,61
148,58
149,61
150,56
151,57
152,63
153,59
154,62
155,51
156,60
157,58
158,56
159,53
160,49
161,52
162,41
163,52
164,62
165,56
166,47
167,66
168,50
169,57
170,47
171,55
172,52
173,58
174,58
175,49
176,35
177,30
178,43
179,47
180,38
181,61
182,41
183,38
184,43
185,45
186,35
187,38
188,41
189,49
190,42
191,35
192,40
193,51
194,43
195,37
196,39
197,42
198,48
199,47
200,46
201,45
202,43
203,35
204,47
205,47
206,46
207,30
208,34
209,38
210,42
211,35
212,22
213,31
214,27
215,22
216,44
217,39
218,29
219,44
220,36
221,22
222,37
223,38
224,37
225,35
226,31
227,30
228,36
229,37
230,25
231,37
232,50
233,29
234,26
235,26
236,36
237,38
238,27
239,27
240,37
241,32
242,35
243,32
244,23
245,28
246,23
247,31
248,23
249,21
250,21
251,27
252,34
253,34
254,26
255,35
256,25
257,25
258,27
259,34
260,22
261,12
262,26
263,30
264,23
265,33
266,29
267,31
268,24
269,33
270,26
271,29
272,26
273,13
274,23
275,19
276,18
277,28
278,21
279,24
280,21
281,23
282,29
283,26
284,38
285,28
286,22
287,24
288,21
289,23
290,29
291,20
292,25
293,19
294,26
295,24
296,20
297,17
298,24
299,24
300,15
301,13
302,24
303,16
304,12
305,23
306,14
307,18
308,23
309,14
310,18
311,16
312,13
313,20
314,19
315,16
316,18
317,10
318,18
319,22
320,18
321,21
322,18
323,15
324,16
325,13
326,12
327,20
328,21
329,14
330,22
331,23
332,13
333,16
334,15
335,13
336,10
337,15
338,15
339,26
340,13
341,17
342,13
343,8
344,8
345,18
346,19
347,18
348,16
349,8
350,20
351,16
352,19
353,14
354,16
355,17
356,17
357,14
358,10
359,27
360,10
361,13
362,14
363,23
364,13
365,18
366,15
367,17
368,11
369,19
370,19
371,10
372,16
373,9
374,10
375,12
376,14
377,18
378,14
379,17
380,12
381,12
382,16
383,11
384,14
385,14
386,13
387,17
388,13
389,11
390,10
391,16
392,6
393,13
394,13
395,15
396,13
397,12
398,12
399,9
400,12
401,16
402,11
403,16
404,10
405,8
406,14
407,17
408,13
409,12
410,10
411,9
412,11
413,12
414,12
415,10
416,9
417,9
418,11
419,11
420,16
421,6
422,12
423,10
424,8
425,13
426,14
427,13
428,11
429,13
430,12
431,11
432,17
433,14
434,19
435,12
436,8
437,17
438,9
439,7
440,9
441,12
442,9
443,6
444,17
445,17
446,10
447,14
448,8
449,12
450,11
451,12
452,15
453,5
454,4
455,17
456,10
457,10
458,10
459,7
460,7
461,13
462,7
463,10
464,14
465,5
466,14
467,9
468,8
469,8
470,7
471,10
472,11
473,9
474,6
475,7
476,8
477,9
478,8
479,10
480,9
481,8
482,5
483,6
484,12
485,4
486,8
487,14
488,10
489,8
490,13
491,7
492,8
493,10
494,8
495,6
496,14
497,8
498,8
499,8
500,3
501,5
502,7
503,8
504,7
505,9
506,8
507,9
508,8
509,5
510,6
511,4
512,8
513,9
514,4
515,10
516,8
517,11
518,7
519,7
520,4
521,7
522,9
523,8
524,8
525,3
526,5
527,13
528,8
529,11
530,12
531,6
532,8
533,9
534,7
535,11
536,7
537,5
538,8
539,8
540,5
541,8
542,7
543,10
544,12
545,6
546,8
547,10
548,14
549,11
550,6
551,5
552,10
553,6
554,9
555,7
556,4
557,4
558,10
559,5
560,8
561,6
562,4
563,9
564,3
565,7
566,3
567,7
568,4
569,4
570,12
571,6
572,9
573,8
574,8
575,8
576,5
577,6
578,6
579,3
580,7
581,10
582,3
583,8
584,5
585,10
586,4
587,7
588,2
589,7
590,9
591,10
592,5
593,8
594,2
595,8
596,2
597,8
598,3
599,6
600,6
602,9
603,9
604,3
605,2
606,10
607,7
608,5
609,7
610,5
611,2
612,6
613,5
614,5
615,6
616,9
617,9
618,8
619,6
620,4
621,5
622,6
623,8
624,7
625,4
626,4
627,4
628,5
629,6
630,1
631,9
632,7
633,6
634,6
635,10
636,4
637,4
638,5
639,1
640,7
641,8
642,4
643,3
644,10
645,5
646,6
647,7
648,5
649,8
650,1
651,3
652,4
653,11
654,4
655,4
656,2
657,5
658,3
659,3
660,6
661,4
662,4
663,6
664,4
665,5
666,5
667,9
668,6
669,6
670,4
671,6
672,12
673,6
674,7
675,8
676,8
677,6
678,8
679,5
680,3
681,5
682,3
683,3
684,5
685,4
686,5
687,5
688,10
689,6
690,6
691,6
692,7
693,4
694,3
695,2
696,6
697,5
698,4
699,7
700,6
701,5
702,5
703,2
704,7
705,4
706,5
707,5
708,3
709,7
710,8
711,7
712,5
713,6
714,3
715,4
716,6
717,7
718,6
719,4
720,6
721,3
722,5
723,4
724,2
725,7
726,8
727,3
728,9
729,4
730,2
731,7
732,7
733,4
734,4
735,1
736,7
737,4
738,5
739,5
740,4
741,5
742,3
743,1
744,2
745,4
746,10
747,3
748,9
749,6
750,1
751,5
752,5
753,7
754,4
755,6
756,3
757,1
758,7
759,5
760,3
761,7
762,4
763,4
764,4
765,4
766,8
767,3
768,4
769,5
770,8
771,1
772,5
773,2
774,7
775,5
776,7
777,4
778,6
779,2
780,5
781,3
782,4
783,3
784,3
785,1
786,2
787,8
788,7
789,2
790,4
791,4
792,1
793,5
794,4
795,5
796,2
797,4
798,4
799,3
800,4
801,1
802,4
803,4
804,3
805,11
806,4
807,6
808,3
809,5
810,3
811,2
812,2
813,4
814,10
815,4
816,5
818,5
819,4
820,3
821,3
822,2
823,3
824,7
825,3
826,1
827,1
828,6
829,8
830,2
831,2
832,2
833,3
834,2
835,3
836,2
837,3
838,1
839,4
840,3
841,4
842,3
843,4
844,4
845,1
846,5
847,1
848,10
849,3
850,2
851,2
852,1
853,3
854,2
855,1
856,10
857,1
858,2
859,5
860,6
861,1
862,1
863,5
864,11
865,4
866,4
867,2
868,5
869,4
870,4
871,3
872,4
873,3
874,2
875,2
876,3
877,3
878,3
879,3
880,3
881,4
882,4
883,1
884,4
885,2
887,4
888,2
889,5
890,5
891,4
892,6
893,1
895,5
896,4
897,4
898,2
900,2
901,1
902,4
903,3
904,4
905,4
906,3
907,4
908,4
910,5
911,4
912,6
913,4
914,3
915,2
917,4
918,3
919,6
920,1
921,2
922,6
923,2
924,2
926,2
927,2
928,3
929,2
930,1
931,1
932,6
933,2
934,3
935,1
936,3
937,5
938,4
939,1
940,5
941,7
942,3
943,1
944,6
945,4
946,3
947,3
948,2
949,4
950,3
951,2
952,3
953,2
954,2
955,4
956,1
957,1
958,5
959,3
960,1
961,1
962,3
963,2
964,4
965,1
966,5
967,2
969,4
970,2
971,2
972,1
973,6
974,1
975,3
976,4
977,2
979,3
980,4
981,1
982,6
983,2
984,1
986,2
987,4
988,2
989,4
990,3
991,4
992,3
993,1
994,2
995,4
996,2
997,4
998,3
999,3
1001,2
1002,3
1004,1
1005,2
1006,3
1007,3
1008,4
1009,2
1010,4
1011,2
1012,1
1013,4
1014,2
1017,1
1018,4
1019,3
1020,2
1021,2
1022,2
1023,1
1024,2
1026,3
1027,1
1028,2
1029,4
1030,5
1031,3
1033,1
1034,1
1035,3
1037,2
1038,1
1039,1
1040,1
1041,1
1042,3
1043,3
1044,2
1045,3
1046,2
1047,6
1048,4
1050,2
1051,5
1052,2
1053,2
1054,2
1055,3
1057,4
1058,5
1059,2
1060,2
1061,4
1062,6
1063,2
1064,1
1065,1
1066,3
1068,3
1071,1
1072,3
1073,2
1074,2
1075,1
1076,3
1077,2
1078,2
1079,3
1080,4
1081,4
1082,4
1083,2
1084,2
1086,1
1087,2
1088,1
1090,3
1091,1
1092,3
1094,3
1095,2
1096,2
1097,4
1098,2
1099,2
1101,3
1102,5
1103,5
1104,2
1105,4
1106,3
1107,1
1108,3
1109,2
1110,3
1111,2
1112,3
1113,2
1114,3
1115,2
1116,1
1117,3
1118,2
1119,2
1121,1
1122,4
1123,1
1125,2
1126,2
1127,1
1128,2
1129,3
1130,1
1131,1
1132,5
1133,2
1134,2
1135,3
1136,7
1137,1
1138,2
1139,1
1140,3
1141,1
1142,2
1143,3
1144,2
1146,3
1147,3
1148,3
1150,2
1154,1
1156,1
1157,1
1158,3
1159,1
1160,2
1161,1
1162,2
1163,1
1164,2
1165,3
1166,3
1167,1
1168,1
1169,3
1170,1
1171,2
1172,2
1173,2
1174,1
1175,2
1176,1
1177,2
1178,1
1179,1
1180,3
1182,5
1183,1
1184,1
1186,1
1187,1
1188,2
1189,3
1190,2
1191,3
1192,3
1193,1
1194,3
1196,2
1197,1
1198,1
1199,4
1200,4
1201,1
1202,2
1203,1
1207,4
1208,4
1211,2
1213,1
1214,1
1215,1
1216,1
1217,1
1218,1
1219,1
1220,1
1221,3
1224,3
1226,5
1227,2
1229,1
1230,2
1231,1
1232,2
1233,1
1234,1
1235,1
1236,1
1237,1
1238,1
1239,1
1240,1
1241,2
1244,1
1245,2
1247,2
1248,1
1250,1
1251,1
1253,2
1255,1
1256,2
1257,1
1258,2
1259,2
1261,1
1262,2
1263,1
1264,3
1265,1
1266,1
1268,3
1269,3
1271,2
1274,3
1275,3
1276,2
1277,4
1278,3
1279,2
1280,3
1281,1
1282,4
1285,1
1286,1
1288,2
1289,2
1293,1
1294,2
1295,1
1296,1
1297,2
1299,1
1301,2
1303,1
1304,4
1305,3
1306,1
1307,2
1308,1
1309,3
1310,2
1311,2
1312,1
1313,1
1314,1
1315,1
1316,1
1321,1
1322,1
1323,1
1324,1
1325,1
1327,4
1328,3
1329,1
1330,1
1332,1
1333,1
1334,3
1335,1
1336,1
1338,3
1339,4
1341,2
1342,3
1343,1
1346,2
1348,2
1349,1
1350,2
1353,1
1354,1
1355,1
1356,2
1357,2
1358,3
1359,3
1360,2
1361,1
1362,3
1363,2
1365,2
1367,2
1368,2
1369,2
1370,1
1372,1
1373,2
1374,1
1375,4
1376,1
1377,2
1378,3
1379,2
1380,3
1381,1
1382,2
1383,2
1384,2
1385,2
1386,2
1388,1
1390,2
1391,2
1392,2
1393,2
1395,2
1396,2
1398,1
1399,3
1400,1
1402,3
1403,5
1404,2
1405,1
1406,1
1408,1
1409,1
1410,2
1411,2
1412,3
1413,1
1414,2
1415,1
1416,1
1419,2
1420,1
1421,1
1422,1
1423,1
1424,3
1425,2
1426,2
1427,5
1428,1
1431,1
1432,1
1433,2
1434,1
1435,1
1436,1
1437,1
1439,1
1441,2
1442,2
1445,1
1446,2
1447,1
1448,2
1449,2
1450,1
1453,1
1456,1
1458,3
1461,1
1462,2
1463,2
1465,1
1466,3
1467,2
1468,3
1469,1
1470,1
1472,3
1477,2
1478,1
1479,2
1481,1
1485,1
1487,1
1489,2
1492,1
1493,2
1498,3
1499,3
1500,2
1501,2
1504,2
1508,1
1509,2
1510,3
1511,2
1513,1
1516,3
1517,1
1519,3
1521,2
1522,1
1523,3
1524,3
1525,1
1527,1
1528,2
1529,1
1530,2
1531,3
1532,3
1534,2
1535,1
1536,1
1538,3
1539,1
1541,4
1543,2
1547,2
1549,1
1550,3
1551,2
1552,2
1553,2
1554,2
1557,2
1558,1
1559,2
1560,1
1561,3
1562,1
1564,1
1566,3
1567,1
1569,2
1572,3
1573,1
1574,1
1575,1
1576,1
1578,1
1579,2
1580,3
1581,1
1582,1
1583,3
1584,1
1586,3
1587,1
1588,2
1589,1
1590,2
1591,1
1593,2
1596,2
1597,2
1600,1
1601,1
1602,1
1603,2
1607,1
1609,1
1610,1
1612,1
1613,2
1614,3
1615,1
1616,2
1618,1
1619,3
1620,2
1621,1
1626,2
1628,3
1630,2
1631,2
1633,1
1634,2
1635,2
1636,1
1637,2
1639,2
1640,1
1641,3
1642,1
1643,1
1646,1
1647,1
1648,1
1649,1
1652,1
1654,4
1657,1
1658,1
1659,1
1660,1
1662,1
1663,1
1667,2
1668,2
1669,2
1671,2
1674,1
1678,2
1680,1
1681,3
1686,1
1687,1
1688,2
1689,1
1690,1
1691,2
1692,1
1693,3
1694,2
1695,3
1697,2
1699,1
1701,2
1702,1
1703,1
1704,1
1705,1
1706,2
1707,1
1708,1
1709,1
1711,1
1714,1
1715,3
1716,2
1717,2
1718,2
1719,2
1721,2
1723,1
1724,1
1727,1
1728,1
1729,1
1732,2
1734,5
1735,1
1737,3
1739,1
1740,1
1743,1
1746,1
1748,1
1749,1
1750,1
1753,1
1754,1
1755,1
1759,1
1760,2
1763,1
1766,2
1771,1
1773,2
1776,2
1777,1
1778,1
1779,1
1781,1
1784,2
1786,1
1788,1
1789,2
1790,1
1792,1
1794,1
1795,1
1797,2
1802,3
1803,1
1806,1
1807,2
1808,2
1811,1
1813,1
1814,1
1815,1
1816,2
1818,1
1820,1
1821,1
1824,1
1825,1
1826,1
1829,1
1830,1
1831,2
1835,1
1836,1
1838,2
1843,1
1844,1
1851,1
1853,1
1854,1
1856,3
1858,2
1859,3
1860,2
1861,1
1862,2
1865,2
1868,2
1870,1
1873,2
1876,1
1877,3
1878,2
1879,1
1886,3
1888,1
1892,3
1893,1
1898,1
1900,1
1904,1
1909,2
1917,1
1920,1
1922,1
1924,1
1926,1
1927,1
1931,1
1933,1
1934,2
1938,1
1940,1
1943,2
1944,2
1945,1
1946,2
1947,1
1948,2
1949,1
1951,1
1953,1
1954,2
1959,1
1961,2
1964,1
1965,1
1967,3
1968,1
1969,1
1971,1
1972,2
1974,1
1975,1
1977,2
1978,1
1979,3
1982,1
1987,3
1989,1
1991,1
1992,3
1994,1
1995,2
1996,1
1998,1
2005,1
2008,1
2010,1
2015,2
2016,1
2025,1
2029,2
2036,3
2040,2
2042,1
2043,1
2045,2
2046,2
2049,2
2050,2
2054,1
2060,1
2061,1
2064,1
2069,1
2075,2
2076,1
2077,2
2078,1
2079,1
2083,2
2086,1
2087,1
2088,1
2089,2
2092,3
2094,1
2095,1
2101,1
2102,1
2105,3
2106,1
2108,4
2110,1
2112,2
2115,1
2118,1
2120,1
2121,2
2122,1
2125,1
2126,2
2127,1
2129,1
2131,1
2134,3
2135,3
2137,1
2142,1
2143,1
2146,1
2147,1
2150,1
2152,1
2154,1
2155,1
2158,1
2162,1
2165,1
2166,1
2167,1
2172,1
2173,2
2174,2
2176,1
2180,1
2181,1
2182,1
2183,1
2184,1
2187,2
2189,1
2191,1
2192,1
2193,1
2197,1
2198,1
2202,1
2206,1
2209,1
2210,1
2211,2
2213,1
2217,1
2220,1
2225,1
2226,1
2227,1
2229,2
2230,1
2231,1
2233,1
2234,1
2236,1
2237,1
2240,1
2246,1
2247,1
2252,2
2253,2
2256,2
2259,1
2261,1
2262,1
2264,1
2267,1
2268,1
2270,2
2271,1
2274,1
2275,2
2276,2
2277,1
2278,1
2283,3
2285,1
2288,1
2289,1
2290,1
2292,1
2293,1
2294,3
2298,1
2307,1
2310,1
2316,1
2319,1
2320,2
2325,1
2329,1
2331,1
2336,1
2340,1
2341,3
2343,1
2345,1
2346,2
2347,1
2348,2
2351,2
2352,1
2355,1
2357,1
2358,2
2359,2
2360,1
2367,1
2373,1
2374,3
2379,1
2382,1
2384,1
2386,2
2389,2
2392,2
2393,1
2398,1
2399,2
2403,1
2404,1
2405,1
2409,1
2410,1
2418,2
2419,1
2422,1
2424,1
2425,1
2428,1
2430,1
2431,1
2434,1
2436,1
2437,1
2438,1
2439,1
2445,1
2447,1
2449,1
2451,1
2454,1
2455,1
2458,1
2459,1
2465,2
2471,1
2472,2
2474,1
2477,1
2480,1
2487,1
2494,1
2496,2
2499,1
2502,1
2504,1
2505,2
2508,2
2510,4
2511,1
2512,1
2515,1
2516,1
2517,1
2519,1
2520,1
2521,3
2523,1
2524,2
2527,1
2529,1
2531,2
2532,1
2534,1
2535,2
2538,1
2539,1
2541,2
2542,1
2545,1
2546,1
2552,1
2558,3
2562,2
2563,2
2565,1
2566,1
2567,2
2569,1
2576,1
2577,1
2578,1
2584,1
2585,1
2588,1
2589,1
2595,1
2599,1
2602,1
2603,1
2605,1
2609,1
2611,1
2615,1
2622,2
2624,1
2637,1
2642,1
2643,2
2644,1
2652,1
2653,1
2662,2
2663,1
2665,1
2668,1
2670,1
2673,1
2674,1
2680,1
2682,1
2685,1
2690,1
2693,1
2694,1
2695,1
2696,1
2699,1
2703,1
2704,2
2705,1
2706,1
2710,1
2715,2
2719,1
2724,1
2732,1
2738,1
2741,1
2743,1
2749,1
2754,1
2757,1
2758,1
2760,1
2762,1
2769,1
2770,1
2777,1
2781,1
2783,2
2784,1
2785,1
2786,1
2793,1
2794,1
2796,1
2798,1
2801,1
2810,1
2817,1
2820,1
2821,1
2822,1
2824,1
2826,1
2828,1
2831,1
2833,1
2835,1
2838,3
2839,1
2844,1
2847,1
2848,1
2851,1
2853,1
2854,1
2856,1
2857,1
2858,1
2860,1
2861,1
2866,1
2867,3
2873,1
2875,1
2882,1
2885,1
2890,1
2895,1
2896,1
2897,1
2901,1
2905,1
2906,1
2912,1
2915,1
2918,1
2919,2
2922,2
2926,1
2931,1
2933,2
2934,1
2936,1
2940,1
2941,1
2943,2
2945,2
2946,1
2949,1
2950,1
2952,1
2953,1
2957,2
2961,1
2964,1
2965,1
2967,1
2975,1
2985,1
2986,1
2992,1
3003,1
3004,2
3011,1
3017,1
3020,1
3025,1
3027,1
3034,3
3036,1
3042,1
3043,2
3045,1
3046,1
3051,1
3053,1
3054,1
3055,1
3056,1
3067,1
3071,1
3074,2
3075,1
3081,1
3082,2
3084,1
3086,1
3087,1
3089,1
3095,1
3101,1
3105,3
3107,1
3113,1
3117,1
3120,1
3124,1
3129,1
3131,1
3134,1
3143,1
3145,1
3149,1
3152,1
3155,1
3161,1
3172,2
3177,1
3179,2
3180,2
3182,1
3189,2
3191,1
3192,1
3194,2
3196,1
3197,1
3205,1
3208,1
3211,1
3214,1
3215,1
3217,1
3221,1
3222,1
3223,1
3227,2
3233,1
3234,1
3236,1
3237,2
3238,1
3240,1
3242,1
3243,1
3247,1
3248,1
3258,1
3261,1
3264,1
3267,2
3270,1
3272,2
3281,1
3284,1
3292,1
3298,2
3300,1
3302,1
3324,1
3327,1
3330,1
3334,1
3338,1
3340,2
3352,1
3356,1
3358,2
3361,1
3384,1
3394,1
3398,1
3408,1
3412,1
3416,2
3418,1
3436,1
3438,1
3443,1
3450,1
3455,1
3466,2
3467,1
3472,2
3484,1
3488,1
3493,1
3497,1
3498,1
3501,1
3513,1
3514,1
3515,1
3523,1
3526,1
3527,1
3528,1
3532,1
3533,2
3536,1
3541,1
3542,2
3544,1
3545,1
3547,1
3551,1
3552,2
3558,1
3559,1
3560,1
3561,1
3562,1
3563,1
3573,1
3580,1
3585,1
3588,1
3593,1
3596,1
3598,1
3610,1
3611,1
3612,1
3617,1
3627,1
3639,1
3645,1
3661,1
3665,1
3669,1
3673,1
3697,1
3699,1
3701,1
3704,1
3710,1
3718,1
3726,2
3730,1
3733,1
3735,1
3741,1
3752,3
3757,1
3765,1
3774,1
3776,1
3777,1
3781,1
3783,2
3789,1
3798,1
3800,1
3802,1
3809,1
3817,1
3842,1
3851,1
3852,1
3855,1
3856,1
3858,2
3862,1
3865,1
3866,1
3867,1
3871,1
3872,1
3874,1
3891,1
3903,2
3907,1
3917,1
3928,1
3938,1
3939,1
3942,2
3954,1
3955,1
3968,2
3973,2
3979,1
3981,2
3986,1
4003,1
4004,1
4016,1
4025,1
4028,1
4032,1
4037,1
4042,1
4043,1
4045,1
4046,1
4054,1
4061,1
4089,1
4091,1
4093,2
4112,1
4116,1
4120,1
4130,1
4152,1
4157,1
4160,1
4166,1
4171,1
4172,2
4178,1
4206,1
4209,1
4213,1
4227,1
4233,1
4239,1
4244,1
4245,1
4248,1
4252,1
4261,1
4263,1
4264,1
4268,1
4287,2
4288,1
4293,2
4311,1
4321,1
4350,1
4368,1
4370,1
4378,1
4380,1
4381,1
4382,1
4390,1
4391,1
4405,1
4408,1
4414,1
4418,2
4428,1
4437,1
4439,1
4448,1
4453,1
4458,1
4473,1
4485,1
4489,1
4501,1
4507,1
4510,1
4513,1
4514,1
4516,2
4518,1
4532,1
4537,1
4539,1
4540,1
4545,1
4552,1
4556,1
4559,2
4569,2
4570,2
4583,1
4590,1
4596,2
4597,1
4604,1
4619,2
4622,1
4624,1
4628,1
4631,1
4633,1
4644,1
4656,1
4662,1
4664,1
4674,1
4677,1
4681,1
4684,1
4694,1
4698,1
4710,1
4717,1
4725,1
4726,1
4745,1
4758,1
4769,1
4775,1
4797,1
4810,1
4817,1
4828,1
4833,2
4840,1
4849,1
4850,1
4880,1
4881,2
4899,2
4913,1
4920,1
4924,1
4934,1
4935,1
4942,1
4995,2
5000,1
5002,1
5006,1
5012,1
5030,1
5032,1
5040,1
5053,1
5055,1
5092,1
5094,1
5104,1
5132,1
5169,1
5173,1
5183,1
5192,1
5203,1
5208,1
5212,1
5217,1
5227,1
5228,1
5233,1
5237,1
5239,1
5247,1
5249,1
5258,1
5261,1
5264,1
5288,1
5297,1
5302,1
5319,1
5320,1
5321,1
5324,1
5329,1
5340,1
5391,1
5400,1
5420,1
5436,1
5441,1
5450,1
5453,1
5497,1
5504,1
5506,1
5525,1
5532,1
5541,1
5561,1
5566,1
5580,1
5608,1
5623,1
5672,1
5675,1
5679,1
5692,1
5694,1
5703,1
5706,1
5713,1
5722,1
5736,1
5752,1
5780,1
5781,1
5786,1
5790,2
5816,1
5819,1
5827,1
5866,1
5871,1
5880,2
5915,1
5923,1
5925,1
5933,1
5952,1
5954,1
5994,1
6060,1
6074,1
6078,1
6083,1
6088,1
6133,1
6141,1
6145,1
6164,1
6176,1
6224,1
6252,1
6268,1
6372,1
6396,1
6427,1
6480,1
6486,1
6561,1
6579,1
6606,1
6640,1
6652,1
6763,1
6808,1
6838,1
6864,1
6879,1
6901,1
6929,1
6975,1
6977,1
7262,1
7329,1
7337,1
7436,1
7452,1
7646,1
7667,1
7669,1
7673,1
7684,1
7739,1
7876,1
7893,1
7983,1
8011,1
8028,1
8164,1
8259,1
8317,1
8324,1
8327,1
8554,2
8634,1
8756,1
8786,1
8787,1
8880,1
8962,1
9006,1
9072,1
9128,1
9256,1
9391,1
9455,1
9594,1
9918,1
10276,1
10327,1
10466,1
10679,1
10917,1
10974,1
11375,1
11546,1
11551,1
12526,1
13298,1
13628,1
14315,1
15458,1
16349,1
17348,1
17604,1
17616,1
17820,1
19815,1
22275,1
22605,1
25434,1
25539,1
26649,1
27373,1
30319,1
31273,1
40447,1
